"id;""name"";""email"";""phone"";""address"";""created_at"";""updated_at""",
"1;""Dr. Estella Ruecker II"";""ckautzer@hotmail.com"";""+1.914.363.6267"";""587 Kunde Overpass Suite 906",
New Leonelfort," KY 73925"";""2023-10-08 07:34:26"";""2023-10-08 07:34:26"""
"2;""Neha Lueilwitz"";""creola.marvin@gmail.com"";""+1.954.927.0308"";""24602 Lora Squares",
Schillershire," AZ 85638-7289"";""2023-10-08 07:34:26"";""2023-10-08 07:34:26"""
"3;""Corene Bashirian"";""cydney38@hotmail.com"";""239.261.3260"";""5924 Vallie Groves",
North Jailynhaven," AK 63526-6688"";""2023-10-08 07:34:26"";""2023-10-08 07:34:26"""
"4;""Mr. Walker Weissnat MD"";""devan.kris@gmail.com"";""+1-312-820-0468"";""450 Orn Stream Suite 935",
Reillyberg," MN 85720"";""2023-10-08 07:34:26"";""2023-10-08 07:34:26"""
"5;""Dr. Filomena Oberbrunner MD"";""howell.jacques@roberts.net"";""1-272-979-2346"";""43287 Streich Falls",
Friesenmouth," OH 99157"";""2023-10-08 07:34:26"";""2023-10-08 07:34:26"""
"6;""Blaise Braun"";""magnus57@ledner.com"";""+1.573.900.0559"";""319 Michel Station Suite 061",
Lindgrenfurt," NV 79975-0476"";""2023-10-08 07:34:26"";""2023-10-08 07:34:26"""
"7;""Edwina Schroeder MD"";""kaylah46@sporer.com"";""+14582621593"";""923 Christian Island Suite 547",
Bretbury," HI 59537"";""2023-10-08 07:34:26"";""2023-10-08 07:34:26"""
"8;""Chanel Shanahan"";""rey.weissnat@heathcote.com"";""+1.413.799.2521"";""54318 Ritchie Island",
South Kenna," KY 31392-4334"";""2023-10-08 07:34:26"";""2023-10-08 07:34:26"""
"9;""Margarita Walker"";""ucorwin@gmail.com"";""(308) 888-7644"";""388 Ullrich Forks Suite 734",
Dorthaborough," UT 44010-7584"";""2023-10-08 07:34:26"";""2023-10-08 07:34:26"""
"10;""Camille Schulist"";""njones@ortiz.com"";""+1-214-521-7381"";""68335 Harber Locks",
Kuphalville," OK 45030"";""2023-10-08 07:34:26"";""2023-10-08 07:34:26"""
"11;""Prof. Cyril Bogan I"";""phyllis.howell@gmail.com"";""(845) 215-7209"";""142 Gusikowski Summit",
Naomiemouth," KY 37890"";""2023-10-08 07:34:26"";""2023-10-08 07:34:26"""
"12;""Imogene Haag"";""bartell.charlotte@boyer.com"";""+1-930-200-8107"";""544 Nia Junction Suite 274",
Yostburgh," VT 44181-1240"";""2023-10-08 07:34:26"";""2023-10-08 07:34:26"""
"13;""Maggie Lehner"";""farrell.georgianna@langworth.com"";""+1-539-846-5049"";""512 Elvera Meadow",
Kalebberg," CA 15587-2883"";""2023-10-08 07:34:26"";""2023-10-08 07:34:26"""
"14;""Florian Macejkovic"";""charlie.beatty@hotmail.com"";""+1-484-343-0700"";""7774 Arne Drives Suite 174",
Krischester," IL 24352-5216"";""2023-10-08 07:34:26"";""2023-10-08 07:34:26"""
"15;""Alysa Marvin"";""kaden.weber@maggio.com"";""+14352392437"";""856 Jewel Mountain Apt. 706",
Allenemouth," OH 19069-6916"";""2023-10-08 07:34:26"";""2023-10-08 07:34:26"""
"16;""Rosa O'Keefe DVM"";""mariam45@corwin.com"";""+1-580-629-9829"";""49462 Swaniawski Land",
North Nelson," GA 47389-1040"";""2023-10-08 07:34:26"";""2023-10-08 07:34:26"""
"17;""Mrs. Katelyn Toy DDS"";""wrunte@kshlerin.org"";""+15208795871"";""498 Toy Brook",
West Kayliebury," LA 47253-7844"";""2023-10-08 07:34:26"";""2023-10-08 07:34:26"""
"18;""Prof. Jamie Schiller I"";""pasquale.boyle@considine.net"";""+1 (541) 945-9795"";""738 Kyra Terrace Apt. 178",
VonRuedenhaven," IA 63193"";""2023-10-08 07:34:26"";""2023-10-08 07:34:26"""
"19;""Joanie Hermiston"";""brigitte.morar@hotmail.com"";""929-259-9510"";""276 Lehner Turnpike Apt. 426",
Fadelside," HI 45671-9725"";""2023-10-08 07:34:26"";""2023-10-08 07:34:26"""
"20;""Ms. Sunny Herman"";""bfeest@gmail.com"";""1-475-785-8374"";""5693 Armstrong Mall",
Lake Hoytchester," RI 80785-9995"";""2023-10-08 07:34:26"";""2023-10-08 07:34:26"""
"21;""Uriel Koss II"";""filiberto87@yahoo.com"";""509.308.7335"";""14421 Carlo Passage Suite 153",
Mikaylaberg," TX 50237-5552"";""2023-10-08 07:34:26"";""2023-10-08 07:34:26"""
"22;""Roman Mills"";""genoveva65@gmail.com"";""+1-231-766-9015"";""6495 Hermann Burgs Apt. 170",
West Jewell," GA 14145"";""2023-10-08 07:34:26"";""2023-10-08 07:34:26"""
"23;""Derrick Murray"";""tyree.shields@fisher.com"";""+1-743-806-8345"";""305 Luettgen Square Apt. 179",
North Harveyburgh," OR 16849-3701"";""2023-10-08 07:34:26"";""2023-10-08 07:34:26"""
"24;""Naomie Hane"";""oschoen@adams.com"";""1-423-520-3691"";""613 Harold Well Suite 421",
Ludwigfurt," MS 83668-1699"";""2023-10-08 07:34:26"";""2023-10-08 07:34:26"""
"25;""Chaim Bruen"";""sonny15@gmail.com"";""769-741-2877"";""2960 Lillie Ford Suite 959",
Stokesborough," SD 66089"";""2023-10-08 07:34:26"";""2023-10-08 07:34:26"""
"26;""Kelsie Pagac"";""vcorkery@gmail.com"";""+1-667-686-7435"";""94080 Leffler Pass",
South Jerald," PA 45971"";""2023-10-08 07:34:26"";""2023-10-08 07:34:26"""
"27;""Gianni Langworth"";""brent43@yahoo.com"";""203-776-0369"";""4939 Wiza Expressway Apt. 805",
Joesphberg," CO 72423-7294"";""2023-10-08 07:34:26"";""2023-10-08 07:34:26"""
"28;""Annamarie Gibson Sr."";""cristobal.langworth@oconner.com"";""(313) 325-2060"";""106 Jaylen Landing",
West Vanessa," KY 14424"";""2023-10-08 07:34:26"";""2023-10-08 07:34:26"""
"29;""Hannah Pagac"";""saul19@mills.info"";""1-269-348-9316"";""1785 Hickle Field",
Darionburgh," IA 38534-9336"";""2023-10-08 07:34:26"";""2023-10-08 07:34:26"""
"30;""Ms. Ayla Schimmel"";""eino.legros@gmail.com"";""+1.772.637.3976"";""3595 Hane Views Apt. 326",
Micahville," KS 74979"";""2023-10-08 07:34:26"";""2023-10-08 07:34:26"""
"31;""Loraine Schuster III"";""ewolff@von.info"";""+1 (217) 378-7382"";""962 Corwin Dam Suite 658",
Beauchester," IL 10113"";""2023-10-08 07:34:26"";""2023-10-08 07:34:26"""
"32;""Mathew Davis"";""xmertz@gmail.com"";""(845) 959-7837"";""7900 Parisian Throughway Suite 003",
Port Derick," OR 69957"";""2023-10-08 07:34:27"";""2023-10-08 07:34:27"""
"33;""Federico Smith"";""xlindgren@white.com"";""1-309-603-0736"";""93737 Wunsch Ports Suite 605",
Carmenbury," DC 08750-5212"";""2023-10-08 07:34:27"";""2023-10-08 07:34:27"""
"34;""Everardo Luettgen"";""simonis.derick@kovacek.net"";""484-392-0260"";""331 Kerluke Rapids Suite 490",
South Jalynside," SC 09455"";""2023-10-08 07:34:27"";""2023-10-08 07:34:27"""
"35;""Ms. Della Kemmer DDS"";""khalvorson@gmail.com"";""720.676.9216"";""30828 Derrick Square Suite 721",
South Estrellaland," SD 76310-5765"";""2023-10-08 07:34:27"";""2023-10-08 07:34:27"""
"36;""Ulises Dicki Jr."";""kreiger.mandy@yahoo.com"";""+16087564959"";""59422 Mozell Dale",
Walshshire," SD 21033"";""2023-10-08 07:34:27"";""2023-10-08 07:34:27"""
"37;""Aylin Harvey"";""schroeder.courtney@yahoo.com"";""+1-475-869-9535"";""78431 Morar Centers",
Waterston," GA 62394-5938"";""2023-10-08 07:34:27"";""2023-10-08 07:34:27"""
"38;""Jarod Windler"";""schroeder.donato@hotmail.com"";""616.270.8292"";""610 Kshlerin Club",
West Catalina," WI 27745-9440"";""2023-10-08 07:34:27"";""2023-10-08 07:34:27"""
"39;""Brianne Jakubowski"";""xferry@jerde.biz"";""252-212-4409"";""825 Emerson Drives Apt. 323",
Nicolasmouth," NV 07207-4458"";""2023-10-08 07:34:27"";""2023-10-08 07:34:27"""
"40;""Rocky Quitzon"";""mertz.hope@hotmail.com"";""458.759.0754"";""70113 Kuhlman Trail",
North Wanda," NJ 83913-2989"";""2023-10-08 07:34:27"";""2023-10-08 07:34:27"""
"41;""Rafael Collier"";""else27@kemmer.biz"";""1-641-226-5630"";""44194 Myra Station",
South Jaclyn," KY 10735"";""2023-10-08 07:34:27"";""2023-10-08 07:34:27"""
"42;""Kailey Harvey"";""witting.eileen@hotmail.com"";""908.557.1388"";""791 Schuppe Way Suite 992",
Stromanton," RI 07369-4522"";""2023-10-08 07:34:27"";""2023-10-08 07:34:27"""
"43;""Clara Champlin"";""wilkinson.clare@roob.com"";""+1-914-606-4096"";""997 Otha Extensions Apt. 447",
South Rodgertown," VA 77459-5433"";""2023-10-08 07:34:27"";""2023-10-08 07:34:27"""
"44;""Yasmine Farrell"";""ybernhard@goodwin.com"";""+1.651.417.2387"";""90169 Shaun Cliffs Suite 796",
Lianatown," NC 89220-9511"";""2023-10-08 07:34:27"";""2023-10-08 07:34:27"""
"45;""Dr. Emmanuelle Keebler"";""wilton.lesch@ward.com"";""+1 (928) 786-7528"";""583 Jaskolski Ramp",
New Amie," AK 71800-5519"";""2023-10-08 07:34:27"";""2023-10-08 07:34:27"""
"46;""Miss Zoie Walker MD"";""lmohr@hickle.org"";""424-322-5326"";""632 Hahn Squares Suite 476",
Port Samir," WA 20351-6765"";""2023-10-08 07:34:27"";""2023-10-08 07:34:27"""
"47;""Domenico Lehner"";""maurine.hackett@hotmail.com"";""(305) 906-1686"";""381 Arch Prairie Apt. 705",
New Dina," WI 75894-6992"";""2023-10-08 07:34:27"";""2023-10-08 07:34:27"""
"48;""Tyrell Boyle"";""esteban60@yahoo.com"";""+1.979.502.4791"";""248 Rosella Shores Apt. 629",
Macimouth," MD 75820"";""2023-10-08 07:34:27"";""2023-10-08 07:34:27"""
"49;""Porter Prosacco"";""immanuel.senger@gmail.com"";""410.720.8848"";""567 Steuber Circle Apt. 753",
Michaelaton," MO 00673"";""2023-10-08 07:34:27"";""2023-10-08 07:34:27"""
"50;""Chauncey Okuneva"";""epagac@gmail.com"";""559-514-1015"";""73421 Blick Wall Suite 919",
Laylaland," HI 09495-0403"";""2023-10-08 07:34:27"";""2023-10-08 07:34:27"""
"51;;""thaesu@gmail.com"";""09987654678"";""mayangone"";""2023-10-08 09:25:47"";""2023-10-08 09:25:47""",
"53;""ggggg"";""nandy@gmail.com"";""1234567789"";""mayangone"";""2023-10-08 09:42:16"";""2023-10-08 09:42:16""",
"54;""rose"";""rose@gmail.com"";""0987654322133"";;""2023-10-08 15:05:41"";""2023-10-08 15:05:41""",
"55;""jennie"";""jennie@gmail.com"";""123456789"";;""2023-10-08 15:10:55"";""2023-10-08 15:10:55""",
